detector,status,accuracy,auc,max_gap_fpr,max_gap_fnr,fm_eo_pct,fdp_pct,ffpr_pct,foae_pct,ci_fpr_low,ci_fpr_high
cnndetection,ok,0.6527777777777778,0.637987012987013,0.0,0.2857142857142857,28.57142857142857,11.11111111111111,0.0,11.111111111111105,0.0,0.0
lgrad,ok,0.9027777777777778,0.9732142857142857,0.2727272727272727,0.14285714285714285,27.27272727272727,16.666666666666668,27.27272727272727,16.666666666666664,0.09090909090909091,0.5454545454545454
npr,ok,0.9722222222222222,0.976461038961039,0.18181818181818182,0.0,18.181818181818183,11.11111111111111,18.181818181818183,11.111111111111116,0.0,0.45454545454545453
