label,group,contrast,dissimilarity,homogeneity,energy,correlation,ASM
fake,female-doctor,411.752313266555,8.42645934256075,0.3444633727136659,0.03730754991821059,0.9553708378529829,0.002070934304565476
fake,female-nurse,302.27877270462596,7.958509894631984,0.31933709229300333,0.033506112875155425,0.9566109055023927,0.001767021318901176
fake,male-doctor,448.7780428354083,8.920844857446848,0.34447250979547867,0.03842511055327547,0.9434297051396935,0.0018838953727589524
fake,male-nurse,304.83793087846175,8.085329858407967,0.29885047856754826,0.027619189128629405,0.9534205258509758,0.000875453930677626
real,female-doctor_after,187.0356472242472,5.502253151498843,0.4527480756952929,0.10660584979932494,0.9755232853077024,0.02290805773209351
real,female-nurse_after,181.20915962575302,6.247812381620727,0.35888370048008106,0.043125866378296226,0.9704119824817475,0.0022807855629800294
real,male-doctor_after,183.22852470938054,5.167861321589271,0.4851630854234172,0.14303205273078612,0.9718154378886065,0.04595037563290586
real,male-nurse_after,155.95188192919457,4.896433409949528,0.47916704834199614,0.09930620831610551,0.9722001944141894,0.01419115911625107
