{
  "overall": {
    "n": 72,
    "detector_name": "npr",
    "accuracy": 0.9722222222222222,
    "auc": 0.976461038961039,
    "accuracy_disparity": 0.11111111111111116,
    "max_gap_fpr": 0.18181818181818182,
    "max_gap_fnr": 0.0,
    "worst_group_error": 0.1111111111111111,
    "fm_eo": 0.18181818181818182,
    "fdp": 0.1111111111111111,
    "ffpr": 0.18181818181818182,
    "foae": 0.11111111111111116,
    "fm_eo_pct": 18.181818181818183,
    "fdp_pct": 11.11111111111111,
    "ffpr_pct": 18.181818181818183,
    "foae_pct": 11.111111111111116
  },
  "bootstrap_ci_95": {
    "accuracy_disparity": {
      "ci_low": 0.0,
      "ci_high": 0.2777777777777778
    },
    "max_gap_fpr": {
      "ci_low": 0.0,
      "ci_high": 0.45454545454545453
    },
    "max_gap_fnr": {
      "ci_low": 0.0,
      "ci_high": 0.0
    },
    "worst_group_error": {
      "ci_low": 0.0,
      "ci_high": 0.2777777777777778
    },
    "fm_eo": {
      "ci_low": 0.0,
      "ci_high": 0.45454545454545453
    },
    "fdp": {
      "ci_low": 0.0,
      "ci_high": 0.27777777777777773
    },
    "ffpr": {
      "ci_low": 0.0,
      "ci_high": 0.45454545454545453
    },
    "foae": {
      "ci_low": 0.0,
      "ci_high": 0.2777777777777778
    }
  }
}