group,n,tp,tn,fp,fn,fpr,fnr,error_rate,accuracy,auc
female-doctor,18,7,11,0,0,0.0,0.0,0.0,1.0,1.0
female-nurse,18,7,11,0,0,0.0,0.0,0.0,1.0,1.0
male-doctor,18,7,11,0,0,0.0,0.0,0.0,1.0,1.0
male-nurse,18,7,9,2,0,0.18181818181818182,0.0,0.1111111111111111,0.8888888888888888,0.8961038961038961
