n,detector_name,accuracy,auc,accuracy_disparity,max_gap_fpr,max_gap_fnr,worst_group_error,fm_eo,fdp,ffpr,foae,fm_eo_pct,fdp_pct,ffpr_pct,foae_pct
72,npr,0.9722222222222222,0.976461038961039,0.11111111111111116,0.18181818181818182,0.0,0.1111111111111111,0.18181818181818182,0.1111111111111111,0.18181818181818182,0.11111111111111116,18.181818181818183,11.11111111111111,18.181818181818183,11.111111111111116
