group,n,tp,tn,fp,fn,fpr,fnr,error_rate,accuracy,auc
female-doctor,18,1,11,0,6,0.0,0.8571428571428571,0.3333333333333333,0.6666666666666666,0.6558441558441559
female-nurse,18,0,11,0,7,0.0,1.0,0.3888888888888889,0.6111111111111112,0.7272727272727273
male-doctor,18,2,11,0,5,0.0,0.7142857142857143,0.2777777777777778,0.7222222222222222,0.6233766233766234
male-nurse,18,0,11,0,7,0.0,1.0,0.3888888888888889,0.6111111111111112,0.512987012987013
