n,detector_name,accuracy,auc,accuracy_disparity,max_gap_fpr,max_gap_fnr,worst_group_error,fm_eo,fdp,ffpr,foae,fm_eo_pct,fdp_pct,ffpr_pct,foae_pct
72,cnndetection,0.6527777777777778,0.637987012987013,0.11111111111111105,0.0,0.2857142857142857,0.3888888888888889,0.2857142857142857,0.1111111111111111,0.0,0.11111111111111105,28.57142857142857,11.11111111111111,0.0,11.111111111111105
