{
  "overall": {
    "n": 72,
    "detector_name": "lgrad",
    "accuracy": 0.9027777777777778,
    "auc": 0.9732142857142857,
    "accuracy_disparity": 0.16666666666666663,
    "max_gap_fpr": 0.2727272727272727,
    "max_gap_fnr": 0.14285714285714285,
    "worst_group_error": 0.16666666666666666,
    "fm_eo": 0.2727272727272727,
    "fdp": 0.16666666666666669,
    "ffpr": 0.2727272727272727,
    "foae": 0.16666666666666663,
    "fm_eo_pct": 27.27272727272727,
    "fdp_pct": 16.666666666666668,
    "ffpr_pct": 27.27272727272727,
    "foae_pct": 16.666666666666664
  },
  "bootstrap_ci_95": {
    "accuracy_disparity": {
      "ci_low": 0.11111111111111116,
      "ci_high": 0.33333333333333337
    },
    "max_gap_fpr": {
      "ci_low": 0.09090909090909091,
      "ci_high": 0.5454545454545454
    },
    "max_gap_fnr": {
      "ci_low": 0.0,
      "ci_high": 0.42857142857142855
    },
    "worst_group_error": {
      "ci_low": 0.1111111111111111,
      "ci_high": 0.3333333333333333
    },
    "fm_eo": {
      "ci_low": 0.1428571428571429,
      "ci_high": 0.5461038961038954
    },
    "fdp": {
      "ci_low": 0.055555555555555525,
      "ci_high": 0.3888888888888889
    },
    "ffpr": {
      "ci_low": 0.09090909090909091,
      "ci_high": 0.5454545454545454
    },
    "foae": {
      "ci_low": 0.11111111111111116,
      "ci_high": 0.33333333333333337
    }
  }
}