group,n,tp,tn,fp,fn,fpr,fnr,error_rate,accuracy,auc
female-doctor,18,6,10,1,1,0.09090909090909091,0.14285714285714285,0.1111111111111111,0.8888888888888888,0.922077922077922
female-nurse,18,7,9,2,0,0.18181818181818182,0.0,0.1111111111111111,0.8888888888888888,1.0
male-doctor,18,7,11,0,0,0.0,0.0,0.0,1.0,1.0
male-nurse,18,7,8,3,0,0.2727272727272727,0.0,0.16666666666666666,0.8333333333333334,0.948051948051948
