n,detector_name,accuracy,auc,accuracy_disparity,max_gap_fpr,max_gap_fnr,worst_group_error,fm_eo,fdp,ffpr,foae,fm_eo_pct,fdp_pct,ffpr_pct,foae_pct
72,lgrad,0.9027777777777778,0.9732142857142857,0.16666666666666663,0.2727272727272727,0.14285714285714285,0.16666666666666666,0.2727272727272727,0.16666666666666669,0.2727272727272727,0.16666666666666663,27.27272727272727,16.666666666666668,27.27272727272727,16.666666666666664
